{"cameraMode":{"drawMode":0,"name":"Shaded","section":"Shading Mode"},"sceneLighting":false,"audioPlay":false,"sceneViewState":{"showFog":true,"showMaterialUpdate":true,"showSkybox":false,"showFlares":true,"showImageEffects":true,"showParticleSystems":true},"in2DMode":false,"pivot":{"x":0.24482707679271699,"y":-0.42605018615722659,"z":0.18206492066383363},"rotation":{"x":0.1435968577861786,"y":0.691781759262085,"z":-0.1433379352092743,"w":0.6930323243141174},"size":1.6356449127197266,"orthographic":false}