{"cameraMode":{"drawMode":0,"name":"Shaded","section":"Shading Mode"},"sceneLighting":false,"audioPlay":false,"sceneViewState":{"showFog":true,"showMaterialUpdate":true,"showSkybox":false,"showFlares":true,"showImageEffects":true,"showParticleSystems":true},"in2DMode":false,"pivot":{"x":-1.2853446006774903,"y":0.7026512622833252,"z":-4.997112274169922},"rotation":{"x":0.1790434718132019,"y":0.7120862007141113,"z":-0.19616450369358064,"w":0.6499382853507996},"size":17.184768676757814,"orthographic":false}