{"cameraMode":{"drawMode":0,"name":"Shaded","section":"Shading Mode"},"sceneLighting":true,"audioPlay":false,"sceneViewState":{"showFog":true,"showMaterialUpdate":true,"showSkybox":true,"showFlares":true,"showImageEffects":true,"showParticleSystems":true},"in2DMode":false,"pivot":{"x":7.813843250274658,"y":0.15531349182128907,"z":48.763038635253909},"rotation":{"x":0.02092013508081436,"y":0.9637325406074524,"z":0.2539909780025482,"w":-0.07940074056386948},"size":30.322479248046876,"orthographic":false}