{"cameraMode":{"drawMode":0,"name":"Shaded","section":"Shading Mode"},"sceneLighting":false,"audioPlay":false,"sceneViewState":{"showFog":true,"showMaterialUpdate":true,"showSkybox":false,"showFlares":true,"showImageEffects":true,"showParticleSystems":true},"in2DMode":false,"pivot":{"x":0.24482707679271699,"y":-0.42605018615722659,"z":0.18206492066383363},"rotation":{"x":0.3421783447265625,"y":0.0998009741306305,"z":-0.03657860308885574,"w":0.9336044788360596},"size":1.6356449127197266,"orthographic":false}