{"cameraMode":{"drawMode":0,"name":"Shaded","section":"Shading Mode"},"sceneLighting":false,"audioPlay":false,"sceneViewState":{"showFog":true,"showMaterialUpdate":true,"showSkybox":false,"showFlares":true,"showImageEffects":true,"showParticleSystems":true},"in2DMode":false,"pivot":{"x":0.24482707679271699,"y":-0.49062997102737429,"z":0.17822378873825074},"rotation":{"x":-0.004687891341745853,"y":0.9943469166755676,"z":-0.049569837749004367,"w":-0.09394699335098267},"size":1.789763331413269,"orthographic":false}