{"cameraMode":{"drawMode":0,"name":"Shaded","section":"Shading Mode"},"sceneLighting":false,"audioPlay":false,"sceneViewState":{"showFog":true,"showMaterialUpdate":true,"showSkybox":false,"showFlares":true,"showImageEffects":true,"showParticleSystems":true},"in2DMode":false,"pivot":{"x":0.24482707679271699,"y":-0.49062997102737429,"z":0.17822378873825074},"rotation":{"x":0.1790434718132019,"y":0.7120862007141113,"z":-0.19616450369358064,"w":0.6499382853507996},"size":1.789763331413269,"orthographic":false}