{"cameraMode":{"drawMode":0,"name":"Shaded","section":"Shading Mode"},"sceneLighting":true,"audioPlay":false,"sceneViewState":{"showFog":true,"showMaterialUpdate":true,"showSkybox":true,"showFlares":true,"showImageEffects":true,"showParticleSystems":true},"in2DMode":false,"pivot":{"x":-0.22200340032577516,"y":1.478522539138794,"z":1.097037672996521},"rotation":{"x":0.1344716101884842,"y":0.650913655757904,"z":-0.118654265999794,"w":0.7376781105995178},"size":19.384910583496095,"orthographic":false}