{"cameraMode":{"drawMode":0,"name":"Shaded","section":"Shading Mode"},"sceneLighting":true,"audioPlay":false,"sceneViewState":{"showFog":true,"showMaterialUpdate":true,"showSkybox":true,"showFlares":true,"showImageEffects":true,"showParticleSystems":true},"in2DMode":false,"pivot":{"x":0.13452363014221192,"y":2.149867057800293,"z":-2.189866065979004},"rotation":{"x":-0.004687891341745853,"y":0.9943469166755676,"z":-0.049569837749004367,"w":-0.09394699335098267},"size":24.332307815551759,"orthographic":false}