{"cameraMode":{"drawMode":0,"name":"Shaded","section":"Shading Mode"},"sceneLighting":true,"audioPlay":false,"sceneViewState":{"showFog":true,"showMaterialUpdate":true,"showSkybox":true,"showFlares":true,"showImageEffects":true,"showParticleSystems":true},"in2DMode":false,"pivot":{"x":200.5264892578125,"y":261.9359130859375,"z":149.1048126220703},"rotation":{"x":-0.10447356104850769,"y":0.7950544953346252,"z":-0.580064058303833,"w":-0.14319846034049989},"size":695.5350341796875,"orthographic":false}