{"cameraMode":{"drawMode":0,"name":"Shaded","section":"Shading Mode"},"sceneLighting":false,"audioPlay":false,"sceneViewState":{"showFog":true,"showMaterialUpdate":true,"showSkybox":false,"showFlares":true,"showImageEffects":true,"showParticleSystems":true},"in2DMode":false,"pivot":{"x":8.994584083557129,"y":8.671656608581543,"z":2.1353707313537599},"rotation":{"x":-0.043777111917734149,"y":-0.7205893993377686,"z":0.04567769169807434,"w":-0.6904967427253723},"size":9.84934139251709,"orthographic":false}