{"cameraMode":{"drawMode":0,"name":"Shaded","section":"Shading Mode"},"sceneLighting":false,"audioPlay":false,"sceneViewState":{"showFog":true,"showMaterialUpdate":true,"showSkybox":false,"showFlares":true,"showImageEffects":true,"showParticleSystems":true},"in2DMode":false,"pivot":{"x":-0.32704925537109377,"y":-0.028549909591674806,"z":6.024600028991699},"rotation":{"x":-0.26435863971710207,"y":-0.2559528350830078,"z":0.07299274206161499,"w":-0.9269751310348511},"size":10.202485084533692,"orthographic":false}