{"cameraMode":{"drawMode":0,"name":"Shaded","section":"Shading Mode"},"sceneLighting":true,"audioPlay":false,"sceneViewState":{"showFog":true,"showMaterialUpdate":true,"showSkybox":true,"showFlares":true,"showImageEffects":true,"showParticleSystems":true},"in2DMode":false,"pivot":{"x":0.2080184370279312,"y":2.0097496509552,"z":-9.681002616882325},"rotation":{"x":-0.3465292751789093,"y":-0.04584754630923271,"z":0.016959307715296747,"w":-0.9367687106132507},"size":26.172170639038087,"orthographic":false}