{"cameraMode":{"drawMode":0,"name":"Shaded","section":"Shading Mode"},"sceneLighting":false,"audioPlay":false,"sceneViewState":{"showFog":true,"showMaterialUpdate":true,"showSkybox":false,"showFlares":true,"showImageEffects":true,"showParticleSystems":true},"in2DMode":false,"pivot":{"x":-1.005415916442871,"y":1.9848676919937134,"z":1.0350022315979005},"rotation":{"x":-0.08375195413827896,"y":-0.6009695529937744,"z":0.06352077424526215,"w":-0.7923376560211182},"size":7.676041603088379,"orthographic":false}