{"cameraMode":{"drawMode":0,"name":"Shaded","section":"Shading Mode"},"sceneLighting":false,"audioPlay":false,"sceneViewState":{"showFog":true,"showMaterialUpdate":true,"showSkybox":false,"showFlares":true,"showImageEffects":true,"showParticleSystems":true},"in2DMode":false,"pivot":{"x":1.3300000429153443,"y":2.898881196975708,"z":0.18879973888397218},"rotation":{"x":0.009580666199326516,"y":-0.6868572235107422,"z":-0.009066304191946984,"w":-0.7266988754272461},"size":5.650640487670898,"orthographic":false}