{"cameraMode":{"drawMode":0,"name":"Shaded","section":"Shading Mode"},"sceneLighting":false,"audioPlay":false,"sceneViewState":{"showFog":true,"showMaterialUpdate":true,"showSkybox":false,"showFlares":true,"showImageEffects":true,"showParticleSystems":true},"in2DMode":false,"pivot":{"x":-0.0005789995193481445,"y":0.00009900331497192383,"z":0.2560200095176697},"rotation":{"x":-0.009888313710689545,"y":-0.9469466209411621,"z":0.3199254870414734,"w":-0.029262198135256769},"size":2.3618226051330568,"orthographic":false}