{"cameraMode":{"drawMode":0,"name":"Shaded","section":"Shading Mode"},"sceneLighting":false,"audioPlay":false,"sceneViewState":{"showFog":true,"showMaterialUpdate":true,"showSkybox":false,"showFlares":true,"showImageEffects":true,"showParticleSystems":true},"in2DMode":false,"pivot":{"x":-50.27079772949219,"y":99.2433853149414,"z":51.75011444091797},"rotation":{"x":-0.08300486207008362,"y":-0.6604490876197815,"z":0.07381739467382431,"w":-0.74261474609375},"size":383.8020935058594,"orthographic":false}