{"cameraMode":{"drawMode":0,"name":"Shaded","section":"Shading Mode"},"sceneLighting":false,"audioPlay":false,"sceneViewState":{"showFog":true,"showMaterialUpdate":true,"showSkybox":false,"showFlares":true,"showImageEffects":true,"showParticleSystems":true},"in2DMode":false,"pivot":{"x":2.374598979949951,"y":0.0,"z":0.7990988492965698},"rotation":{"x":-0.00021534071129281074,"y":-0.9996539354324341,"z":0.02580619789659977,"w":-0.008073004893958569},"size":3.8869993686676027,"orthographic":false}