{"cameraMode":{"drawMode":0,"name":"Shaded","section":"Shading Mode"},"sceneLighting":true,"audioPlay":false,"sceneViewState":{"showFog":true,"showMaterialUpdate":true,"showSkybox":true,"showFlares":true,"showImageEffects":true,"showParticleSystems":true},"in2DMode":false,"pivot":{"x":5.195444583892822,"y":5.5326948165893559,"z":0.31999993324279787},"rotation":{"x":-0.00021534071129281074,"y":-0.9996539354324341,"z":0.02580619789659977,"w":-0.008073004893958569},"size":6.122311592102051,"orthographic":false}