{"cameraMode":{"drawMode":0,"name":"Shaded","section":"Shading Mode"},"sceneLighting":false,"audioPlay":false,"sceneViewState":{"showFog":true,"showMaterialUpdate":true,"showSkybox":false,"showFlares":true,"showImageEffects":true,"showParticleSystems":true},"in2DMode":false,"pivot":{"x":0.0,"y":0.10843098163604737,"z":0.19004547595977784},"rotation":{"x":-0.3465292751789093,"y":-0.04584754630923271,"z":0.016959307715296747,"w":-0.9367687106132507},"size":4.270349025726318,"orthographic":false}