{"cameraMode":{"drawMode":0,"name":"Shaded","section":"Shading Mode"},"sceneLighting":true,"audioPlay":false,"sceneViewState":{"showFog":true,"showMaterialUpdate":true,"showSkybox":true,"showFlares":true,"showImageEffects":true,"showParticleSystems":true},"in2DMode":false,"pivot":{"x":-0.01918894052505493,"y":0.1198377013206482,"z":0.5752643346786499},"rotation":{"x":-0.3465292751789093,"y":-0.04584754630923271,"z":0.016959307715296747,"w":-0.9367687106132507},"size":80.41248321533203,"orthographic":false}