{"cameraMode":{"drawMode":0,"name":"Shaded","section":"Shading Mode"},"sceneLighting":false,"audioPlay":false,"sceneViewState":{"showFog":true,"showMaterialUpdate":true,"showSkybox":false,"showFlares":true,"showImageEffects":true,"showParticleSystems":true},"in2DMode":false,"pivot":{"x":-2.462104558944702,"y":0.03654038906097412,"z":0.4070693254470825},"rotation":{"x":-0.1993098258972168,"y":0.29096898436546328,"z":-0.06211290508508682,"w":-0.9336844682693481},"size":2.0911850929260256,"orthographic":false}